id,name,reference_area
linhafala.caso.referenceentity_1,Ponto Focal- EU SOU CAPAZ - Quelimane,SRQ
linhafala.caso.referenceentity_2,Ponto Focal- EU SOU CAPAZ - Nicoadala,SRQ
linhafala.caso.referenceentity_3,Ponto Focal- EU SOU CAPAZ - Ile,SRQ
linhafala.caso.referenceentity_4,Ponto Focal- EU SOU CAPAZ - Mulevala,SRQ
linhafala.caso.referenceentity_5,Ponto Focal- EU SOU CAPAZ - Mocubela,SRQ
linhafala.caso.referenceentity_6,Ponto Focal- EU SOU CAPAZ - Maganja da Costa,SRQ
linhafala.caso.referenceentity_7,Ponto Focal- EU SOU CAPAZ - Inhassunge,SRQ
linhafala.caso.referenceentity_8,Ponto Focal- EU SOU CAPAZ - Molumbo,SRQ
linhafala.caso.referenceentity_9,Ponto Focal- EU SOU CAPAZ - Gurue,SRQ
linhafala.caso.referenceentity_10,Ponto Focal- EU SOU CAPAZ - Quelimane,SRQ
linhafala.caso.referenceentity_11,Ponto Focal- EU SOU CAPAZ - Mopeia,SRQ
linhafala.caso.referenceentity_12,Ponto Focal- EU SOU CAPAZ - Milange,SRQ
linhafala.caso.referenceentity_13,Ponto Focal- EU SOU CAPAZ - Sofala,SRQ
linhafala.caso.referenceentity_14,Ponto Focal- EU SOU CAPAZ - Memba,SRQ
linhafala.caso.referenceentity_15,Ponto Focal- EU SOU CAPAZ - Murrupula,SRQ
linhafala.caso.referenceentity_16,Ponto Focal- EU SOU CAPAZ - Moma,SRQ
linhafala.caso.referenceentity_17,Ponto Focal- EU SOU CAPAZ - Erati,SRQ
linhafala.caso.referenceentity_18,Ponto Focal- EU SOU CAPAZ - Liupo,SRQ
linhafala.caso.referenceentity_19,Ponto Focal- EU SOU CAPAZ - Monapo,SRQ
linhafala.caso.referenceentity_20,Ponto Focal- EU SOU CAPAZ - Ribaue,SRQ
linhafala.caso.referenceentity_21,Ponto Focal- EU SOU CAPAZ - Mongicual,SRQ
linhafala.caso.referenceentity_22,Ponto Focal- EU SOU CAPAZ - Rapale,SRQ
linhafala.caso.referenceentity_23,Ponto Focal- EU SOU CAPAZ - Larde,SRQ
linhafala.caso.referenceentity_24,Ponto Focal- EU SOU CAPAZ - Nampula,SRQ
linhafala.caso.referenceentity_25,Ponto Focal- EU SOU CAPAZ - Matutuine,SRQ
linhafala.caso.referenceentity_26,Ponto Focal- EU SOU CAPAZ - Matola,SRQ
linhafala.caso.referenceentity_27,Ponto Focal- EU SOU CAPAZ - Manhiça,SRQ
linhafala.caso.referenceentity_28,Ponto Focal- EU SOU CAPAZ - Chimoio,SRQ
linhafala.caso.referenceentity_29,Ponto Focal- EU SOU CAPAZ - Maputo,SRQ
linhafala.caso.referenceentity_30,Ponto Focal- EU SOU CAPAZ - KaMaxakeni,SRQ
linhafala.caso.referenceentity_31,Ponto Focal- EU SOU CAPAZ - Pemba,SRQ
linhafala.caso.referenceentity_32,Ponto Focal- EU SOU CAPAZ - Mecufi,SRQ
linhafala.caso.referenceentity_33,Ponto Focal- EU SOU CAPAZ - Metuge,SRQ
linhafala.caso.referenceentity_34,Ponto Focal- EU SOU CAPAZ - Chiure,SRQ
linhafala.caso.referenceentity_35,Ponto Focal- EU SOU CAPAZ - Mueda,SRQ
linhafala.caso.referenceentity_36,Ponto Focal- EU SOU CAPAZ - Montepuez,SRQ
linhafala.caso.referenceentity_37,Ponto Focal- EU SOU CAPAZ - Nhamatanda,SRQ
linhafala.caso.referenceentity_38,Ponto Focal- EU SOU CAPAZ - Morromeu,SRQ
linhafala.caso.referenceentity_39,Ponto Focal- EU SOU CAPAZ - Maringue,SRQ
linhafala.caso.referenceentity_40,Ponto Focal- EU SOU CAPAZ - Chibabava,SRQ
linhafala.caso.referenceentity_41,Ponto Focal- EU SOU CAPAZ - Cheringoma,SRQ
linhafala.caso.referenceentity_42,Ponto Focal- EU SOU CAPAZ - Caia,SRQ
linhafala.caso.referenceentity_43,Ponto Focal- EU SOU CAPAZ - Buzi,SRQ
linhafala.caso.referenceentity_44,Ponto Focal- EU SOU CAPAZ - Beira,SRQ
linhafala.caso.referenceentity_45,Ponto Focal- EU SOU CAPAZ - Vanduzi,SRQ
linhafala.caso.referenceentity_46,Ponto Focal- EU SOU CAPAZ - Gondola,SRQ
linhafala.caso.referenceentity_47,Ponto Focal- EU SOU CAPAZ - Machaze,SRQ
linhafala.caso.referenceentity_48,Ponto Focal- EU SOU CAPAZ - Tambara,SRQ
linhafala.caso.referenceentity_49,Ponto Focal- EU SOU CAPAZ - Macate,SRQ
linhafala.caso.referenceentity_50,Ponto Focal- EU SOU CAPAZ - Barue,SRQ
linhafala.caso.referenceentity_51,Ponto Focal- EU SOU CAPAZ - Macossa,SRQ
linhafala.caso.referenceentity_52,Ponto Focal- EU SOU CAPAZ - Mossurize,SRQ
linhafala.caso.referenceentity_53,Posto Administrativo de Machipanda,Outros

linhafala.caso.referenceentity_54,Conselho Municipal de Maxixe,PRM
linhafala.caso.referenceentity_55,SERNIC - Maxixe,PRM
linhafala.caso.referenceentity_56,Gabinete de Atendimento a Familia e Menores do Distrito de Massinga,PRM
linhafala.caso.referenceentity_57,SERNIC - Massinga,PRM
linhafala.caso.referenceentity_503,Secção de Atendimento a Familia e Menores de Palma,PRM
linhafala.caso.referenceentity_504,Secção de Atendimento a Familia e Menores de Mocimboa da Praia,PRM
linhafala.caso.referenceentity_505,Secção de Atendimento a Familia e Menor de Meluco,PRM
linhafala.caso.referenceentity_506,Secção de Atendimento a Familia e Menor de Mueda,PRM
linhafala.caso.referenceentity_507,Secção de Atendimento a Familia e Menor de Muidumbe,PRM
linhafala.caso.referenceentity_508,Secção de Atendimento a Familia e Menores de Quissanga,PRM
linhafala.caso.referenceentity_509,Secção de Atendimento a Familia e Menor de Nangade,PRM
linhafala.caso.referenceentity_510,Secção de Atendimento de Nangade,PRM
linhafala.caso.referenceentity_511,Secção de Atendimento a Familia e Menores de Balama,PRM
linhafala.caso.referenceentity_512,Posto Policial de Mapupulo,PRM
linhafala.caso.referenceentity_513,Posto policial de Mirate,PRM
linhafala.caso.referenceentity_514,Secção de Atendimento a Familia e Menores de Montepuez,PRM
linhafala.caso.referenceentity_515,Secção de Atendimento a Familia e Menores de Mecufi,PRM
linhafala.caso.referenceentity_516,Secção de Atendimento a Familia de Chiure,PRM
linhafala.caso.referenceentity_517,Posto policial de Papi Namuno,PRM
linhafala.caso.referenceentity_518,Posto Policial de Maloco Namuno,PRM
linhafala.caso.referenceentity_519,Secção de Atendimento a Familia e Menores de Namuno,PRM
linhafala.caso.referenceentity_520,Posto Policial Miezi Metuge,PRM
linhafala.caso.referenceentity_521,Chefe de Secção de Atendimento a Familia e Menores de Metuge,PRM
linhafala.caso.referenceentity_522,4 Esquadra de Pemba,PRM
linhafala.caso.referenceentity_523,3 Esquadra de Pemba,PRM
linhafala.caso.referenceentity_524,2 Esquadra da Pemba,PRM
linhafala.caso.referenceentity_525,Chefe de Reparticipacao de Pemba,PRM
linhafala.caso.referenceentity_526,Departamento de Atendimento a Familia de Pemba,PRM
linhafala.caso.referenceentity_527,Gabinete de Atendimento a Familia e Menores de Nampula,PRM
linhafala.caso.referenceentity_528,Chefe da Secção Nampula,PRM
linhafala.caso.referenceentity_529,Chefe de Repartição de Atendimento as Vítimas de Nampula,PRM
linhafala.caso.referenceentity_530,Chefe do Departamento a Familia e Menor de Nampula,PRM
linhafala.caso.referenceentity_531,Gabinete de Atendimento a Familia e Menor de Namacurra,PRM
linhafala.caso.referenceentity_532,Gabinete de Atendimento a Familia e Menor de Mocuba,PRM
linhafala.caso.referenceentity_533,Gabinete de Atendimento a Familia e Menor de Maganja da Costa,PRM
linhafala.caso.referenceentity_534,Gabinete Provincial Cidade de Quelimane,PRM
linhafala.caso.referenceentity_535,Gabinete de Atendimento de Mutarara,PRM
linhafala.caso.referenceentity_536,Gabinete de Atendimento a Familia e Menor de Macate,PRM
linhafala.caso.referenceentity_537,Gabinete de Atendimento de Doa Chueza,PRM
linhafala.caso.referenceentity_538,Gabinete Provincial Cidade de Tete Bairro Matundo,PRM
linhafala.caso.referenceentity_539,Gabinete de Atendimento a Familia e Menor de Sussundenga,PRM
linhafala.caso.referenceentity_540,Gabinete de Atendimento a Familia e Menor do Distrito de Manica,PRM
linhafala.caso.referenceentity_541,Gabinete de Atendimento a Familia e Menores do Distrito de Mecate,PRM
linhafala.caso.referenceentity_542,Gabinete de Atendimento a Familia e Menores de Barue,PRM
linhafala.caso.referenceentity_543,Chefe do Gabinete Provincial Cidade de Chimoio,PRM
linhafala.caso.referenceentity_544,Chefe da Secção do Departamento de Atendimento a Familia e Menores do Comando Distrital de Vilankulo,PRM
linhafala.caso.referenceentity_545,Posto policial de Manhisse,PRM
linhafala.caso.referenceentity_546,Posto Policial de Mavume,PRM
linhafala.caso.referenceentity_547,Gabinete de Atendimento de Funhaloro,PRM
linhafala.caso.referenceentity_548,Chefe de Seção de Funhaloro,PRM
linhafala.caso.referenceentity_549,Gabinete de Atendimento de Massinga,PRM
linhafala.caso.referenceentity_550,Chefe da Secção do Distrito de Massinga,PRM
linhafala.caso.referenceentity_551,Gabinete de Atendimento a Familia e Menores de Morrumbene,PRM
linhafala.caso.referenceentity_552,Chefe de Secção de M'bene,PRM
linhafala.caso.referenceentity_553,Gabinete de Atendimento a Familia e Menores de Panda,PRM
linhafala.caso.referenceentity_554,Chefe de Secção de Atendimento do Distrito de Panda,PRM
linhafala.caso.referenceentity_555,Gabinete de Atendimento de Mafuiane,PRM
linhafala.caso.referenceentity_556,Gabinete de Atendimento a Familia e Menores de Pembe,PRM
linhafala.caso.referenceentity_557,Chefe da Secção Distrito de Homoine,PRM
linhafala.caso.referenceentity_558,Posto Policial de Chicuque,PRM
linhafala.caso.referenceentity_559,Gabinete de Atendimento a Familia e Menores da Cidade de Maxixe,PRM
linhafala.caso.referenceentity_560,3 Esquadra Cidade de Inhambane,PRM
linhafala.caso.referenceentity_561,Posto Policial de Guitambatuno,PRM
linhafala.caso.referenceentity_562,2 Esquadra Cidade de Inhambane,PRM
linhafala.caso.referenceentity_563,Posto Policial de Logogo,PRM
linhafala.caso.referenceentity_564,Posto policial de Massavana,PRM
linhafala.caso.referenceentity_565,CAI - Distito de Jangamo,PRM
linhafala.caso.referenceentity_566,Gabinete de Atendimento de Cumbana - Jangamo,PRM
linhafala.caso.referenceentity_567,Gabinete de Atendimento a Familia e Menores de Jangamo,PRM
linhafala.caso.referenceentity_568,Chefe da Secção do Comando Distrital de Inharrime,PRM
linhafala.caso.referenceentity_569,Posto Policial de Zandamela,PRM
linhafala.caso.referenceentity_570,Gabinete de Atendimento a Familia e Menores de Zavala,PRM
linhafala.caso.referenceentity_571,Chefe - Gabinete de Atendimento a Familia e Menor de Zava,PRM
linhafala.caso.referenceentity_572,Chefe do Departament de Atendimento a Familia e Menores - Sede - Cidade de Inhambane,PRM
linhafala.caso.referenceentity_573,Departamento de Atendimento a Familia e Menores Sede cidade de Inhambane,PRM
linhafala.caso.referenceentity_574,CAI - Hospital Rural de Chokwe,PRM
linhafala.caso.referenceentity_575,Secção de Atendimento de Malehice Distrito de Chibuto,PRM
linhafala.caso.referenceentity_576,Secção de Atendimento de Praia de Bilene,PRM
linhafala.caso.referenceentity_577,Posto Policial de Limpopo,PRM
linhafala.caso.referenceentity_578,Posto policial Patrice Lumumba,PRM
linhafala.caso.referenceentity_579,CAI - Hospital Provincial,PRM
linhafala.caso.referenceentity_580,Posto Policial de Nguaby Xai - Xai,PRM
linhafala.caso.referenceentity_581,GABINETE SEDE (Cidade de Xai Xai) 4 Esquadra,PRM
linhafala.caso.referenceentity_582,3 Esquadra PRM Gaza,PRM
linhafala.caso.referenceentity_583,2 Esquadra PRM - Gaza,PRM
linhafala.caso.referenceentity_584,Posto policial Hospital Provincial de Gaza,PRM
linhafala.caso.referenceentity_585,Chefe Sec. Violencia Domestica do Departamento de Atendimento a Familia e Menores- Gaza,PRM
linhafala.caso.referenceentity_586,Gabinete de Atendimento a Familia e Menor Provincia de Maputo- Machava,PRM
linhafala.caso.referenceentity_587,Chefe da Secção do Gabinete de Atendimento a Familia e Menor Provincia de Maputo,PRM
linhafala.caso.referenceentity_588,Chefe da Saccao do Departamento de Atendimento a Familia e Menor Provincia de Maputo,PRM
linhafala.caso.referenceentity_589,Adjunta chefe de Repartição do Departamento de Atendimento a Familia e Menor Provincia de Maputo,PRM
linhafala.caso.referenceentity_590,Chefe do Departamento de Atendimento a Familia e Menores Provincia de Maputo,PRM
linhafala.caso.referenceentity_591,CAI - Bagamoio,PRM
linhafala.caso.referenceentity_592,CAI - Mavalene - Cidade de Maputo,PRM
linhafala.caso.referenceentity_593,22 Esquadra PRM Cidade de Maputo,PRM
linhafala.caso.referenceentity_594,21 Esquadra PRM Cidade de Maputo,PRM
linhafala.caso.referenceentity_595,20 Esquadra PRM Cidade de Maputo,PRM
linhafala.caso.referenceentity_596,19 Esquadra da PRM Cidade de Maputo,PRM
linhafala.caso.referenceentity_597,Posto policial de Malanga - Cidade de Maputo,PRM
linhafala.caso.referenceentity_598,Posto Policial de Chamanculo - Cidade de Maputo,PRM
linhafala.caso.referenceentity_599,18 Esquadra da PRM Cidade de Maputo,PRM
linhafala.caso.referenceentity_600,17 Esquadra da PRM Cidade de Maputo,PRM
linhafala.caso.referenceentity_601,16 Esquadra PRM Cidade de Maputo,PRM
linhafala.caso.referenceentity_602,Posto Policial de Zimpeto,PRM
linhafala.caso.referenceentity_603,Posto Policial de Magoanine Cidade de Maputo,PRM
linhafala.caso.referenceentity_604,15 Esquadra da PRM Cidade de Maputo,PRM
linhafala.caso.referenceentity_605,14 Esquadra da PRM Cidade de Maputo,PRM
linhafala.caso.referenceentity_606,13 Esquadra da PRM Cidade de Maputo,PRM
linhafala.caso.referenceentity_607,Posto Policial de Mafalala,PRM
linhafala.caso.referenceentity_608,12 Esquadra - CAI da Polana Canico,PRM
linhafala.caso.referenceentity_609,10 Esquadra da PRM Cidade de Maputo,PRM
linhafala.caso.referenceentity_610,9 Esquadra da PRM Cidade de Maputo,PRM
linhafala.caso.referenceentity_611,6 Esquadra da PRM Cidade de Maputo,PRM
linhafala.caso.referenceentity_612,5 Esquadra da PRM Cidade de Maputo,PRM
linhafala.caso.referenceentity_613,3 Esquadra da PRM Cidade de Maputo,PRM
linhafala.caso.referenceentity_614,1 Esquadra da Cidade de Maputo,PRM
linhafala.caso.referenceentity_615,Chefe de Repartição do Departamento de Atendimento a Familia e Menores. Gabinete Modelo Alto Mae,PRM
linhafala.caso.referenceentity_616,Posto Policial de Save,PRM
linhafala.caso.referenceentity_617,Comando Distrital de Govuro,PRM
linhafala.caso.referenceentity_618,Comando Distrital da PRM de Inhassoro,PRM
linhafala.caso.referenceentity_619,Comando Distrital de Mobote,PRM
linhafala.caso.referenceentity_620,Posto Policial de Mapinhane - Vilankulo,PRM
linhafala.caso.referenceentity_621,Comando Distrital de Vilankulo,PRM
linhafala.caso.referenceentity_622,Comando Distrital de Vialkulo,PRM
linhafala.caso.referenceentity_623,Posto policial do Hospital de Vilankulo,PRM
linhafala.caso.referenceentity_624,Posto Policial de Mavume Distrito de Funhaloro,PRM
linhafala.caso.referenceentity_625,Gabinete de Atendimento a Família e Menores do Distrito de Nhamatanda,PRM
linhafala.caso.referenceentity_626,Gabinete de Atendimento a Família e Menores do Distrito de Muanza,PRM
linhafala.caso.referenceentity_627,Gabinete de Atendimento a Família e Menores do Distrito de Machanga,PRM
linhafala.caso.referenceentity_628,Gabinete de Atendimento a Família e Menores do Distrito de Chibabava,PRM
linhafala.caso.referenceentity_629,Gabinete de Atendimento a Família e Menores do Distrito de Buzi,PRM
linhafala.caso.referenceentity_630,Gabinete Provincial de Ponta Gea Cidade da Beira,PRM
linhafala.caso.referenceentity_631,Gabinete de Atendimento a Família e Menores do Distrito de Zavala,PRM
linhafala.caso.referenceentity_632,Gabinete de Atendimento a Família e Menores do Distrito de Vilankulo,PRM
linhafala.caso.referenceentity_633,Gabinete de Atendimento a Família e Menores do Distrito de Panda,PRM
linhafala.caso.referenceentity_634,Gabinete de Atendimento a Família e Menores do Distrito de Morrumbene,PRM
linhafala.caso.referenceentity_635,Gabinete de Atendimento a Família e Menores do Distrito de Maxixe,PRM
linhafala.caso.referenceentity_636,Gabinete de Atendimento a Família e Menores do Distrito de Massinga,PRM
linhafala.caso.referenceentity_637,Gabinete de Atendimento a Família e Menores do Distrito de Mabote,PRM
linhafala.caso.referenceentity_638,Gabinete de Atendimento a Família e Menores do Distrito de Jangamo,PRM
linhafala.caso.referenceentity_639,Gabinete de Atendomento a Familia e Menores do Distrito de Inhassoro,PRM
linhafala.caso.referenceentity_640,Gabinete de Atendimento a Familia e Menores do Distrito de Inharrime,PRM
linhafala.caso.referenceentity_641,Gabinete de Atendimento a Familia e Menores do Distrito de Homoine,PRM
linhafala.caso.referenceentity_642,Gabinete de Atendimento a Familia e Menores do Distrito de Govuro,PRM
linhafala.caso.referenceentity_643,Gabinete de Atendimento a Familia e Menores do Distrito de Funhaloro,PRM
linhafala.caso.referenceentity_644,3 Esquadra Cidade de Inhambane,PRM
linhafala.caso.referenceentity_645,2 Esquadra cidade de Inhambane,PRM
linhafala.caso.referenceentity_646,Gabinete de Atendimento Bairro de Cimento - Cidade de Pemba,PRM
linhafala.caso.referenceentity_647,Gabinete de Atendimento Bairro Cimento Cidade de Lichinga,PRM
linhafala.caso.referenceentity_648,Gabinete de Atendimento Bairro Muhala - Cidade Nampula,PRM
linhafala.caso.referenceentity_649,Gabinete de Atendimento Bairro da Liberdade - Cidade de Quelimane,PRM
linhafala.caso.referenceentity_650,Gabinete de Atendimento Bairro Matundo - Cidade de Tete,PRM
linhafala.caso.referenceentity_651,Gabinete de Atendimento Bairro Eduardo Mondlane Cidade de Chimoio,PRM
linhafala.caso.referenceentity_652,Gabinete de Atendimento Bairro da Ponta Gêa Cidade da Beira,PRM
linhafala.caso.referenceentity_653,Gabinete de Atendimento da Cidade de Inhambene,PRM
linhafala.caso.referenceentity_657,Gabinete de Atendimento Bairro B – Baixa da Cidade de Xai Xai,PRM
linhafala.caso.referenceentity_658,Gabinete de Atendimento Bairro da Machava- Matola,PRM
linhafala.caso.referenceentity_659,Gabinete de Atendimento Bairro de Alto Mae,PRM
linhafala.caso.referenceentity_395,Secção de Atendimento a Familia e Menores da Cidade de Quelimane,PRM
linhafala.caso.referenceentity_396,Secção de Atendimento a Familia e Menores do Distrito do Pebane,PRM
linhafala.caso.referenceentity_397,Secção de Atendimento a Familia e Menores do Distrito de Nicoadala,PRM
linhafala.caso.referenceentity_398,Secção de Atendimento a Familia e Menor do Distrito de Namorrai,PRM
linhafala.caso.referenceentity_399,Secção de Atendimento a Familia e Menores do Distrito de Namacurra,PRM
linhafala.caso.referenceentity_400,Secção de Atendimento a Familia e Menores do Distrito de Muluvela,PRM
linhafala.caso.referenceentity_401,Secção de Atendimento a Familia e Menores do Distrito de Mopeia,PRM
linhafala.caso.referenceentity_402,Secção de Atendimento a Familia e Menores do Distrito de Morrumbala,PRM
linhafala.caso.referenceentity_403,Secção de Atendimento a Familia e Menores de Molumbo,PRM
linhafala.caso.referenceentity_404,Secção de Atendimento de Mocubela,PRM
linhafala.caso.referenceentity_405,Secção de Atendimento a Familia e Menores do Distrito de Mocuba,PRM
linhafala.caso.referenceentity_406,Secção de Atendimento a Familia e Menores do Distrito de Milange,PRM
linhafala.caso.referenceentity_407,Secção de Atendimento a Familia e Menores do Distrito de Magaja da Costa,PRM
linhafala.caso.referenceentity_408,Secção de Atendimento a Familia e Menores do Distrito de Lugela,PRM
linhafala.caso.referenceentity_409,Secção de Atendimento a Familia e Menores do Distrito de Luabo,PRM
linhafala.caso.referenceentity_410,Secção de Atendimento a Familia e Menores do Distrito de Inhassunge,PRM
linhafala.caso.referenceentity_411,Secção de Atendimento a Famila de Menores do Distrito de Ile,PRM
linhafala.caso.referenceentity_412,Secção de Atendimento a Familia e Menores do Distrito de Gurue,PRM
linhafala.caso.referenceentity_413,Secção de Atendimento a Familia e Menores do Distrito de Gile,PRM
linhafala.caso.referenceentity_414,Secção de Atendimento a Familia e Menores do Distrito de Derre,PRM
linhafala.caso.referenceentity_415,Secção deAtendimento a Familia e Menores do Distrito de Chinde,PRM
linhafala.caso.referenceentity_416,Secção de Atendimento a Familia e Menores do Distrito de Alto Molocue,PRM
linhafala.caso.referenceentity_417,4 Esquadra da PRM - cidade de Quelimane,PRM
linhafala.caso.referenceentity_418,3 Esquadra da PRM - cidade de Quelimane,PRM
linhafala.caso.referenceentity_419,2 Esquadra da PRM da Quelimane,PRM
linhafala.caso.referenceentity_420,Secção de Atendimento a Familia e Menor do Distrito de Zumbo,PRM
linhafala.caso.referenceentity_421,Secção de Atendimento a Familia e MEnores do Distrito de Tsangago,PRM
linhafala.caso.referenceentity_422,Secção de Atendimento a Familia e Menores do Distrito de Moatize,PRM
linhafala.caso.referenceentity_423,Secção de Atendimento a Familia e Menores do Distrito de Moatize,PRM
linhafala.caso.referenceentity_424,Secção de Atendimento a Familia e Menores do Distrito de Mutarara,PRM
linhafala.caso.referenceentity_425,Secção de Atendimento a Familia e Menores do Distrito de Macanga,PRM
linhafala.caso.referenceentity_426,Secção de Atendimento a Familia e Menores do Distrito de Maravia,PRM
linhafala.caso.referenceentity_427,Secção de Atendimento a Familia e Menores da Distrito de Marara,PRM
linhafala.caso.referenceentity_428,Secção de Atendimento a Familia e Menores do Distrito de Magoe,PRM
linhafala.caso.referenceentity_429,Secção de Atendimento a Familia e Menores do Distrito de Chiuta,PRM
linhafala.caso.referenceentity_430,Secção de Atendimento a Familia e Menores do Distrito de Doa,PRM
linhafala.caso.referenceentity_431,Secção de Atendimento a Familia e Menores do Distrito de Chifunde,PRM
linhafala.caso.referenceentity_432,Secção de Atendimento a Familia e Menores do Distrito de Changara,PRM
linhafala.caso.referenceentity_433,Secção de Atendimento a Familia e Menores do Distrito de Cahora Bassa,PRM
linhafala.caso.referenceentity_434,Secção de Atendimento a Familia e Menores da Cidade do Distrito de Angonia,PRM
linhafala.caso.referenceentity_435,5 Esquadra da PRM - Cidade de Tete,PRM
linhafala.caso.referenceentity_436,4 Esquadra da PRM - Cidade de Tete,PRM
linhafala.caso.referenceentity_437,4 Esqudra da PRM - da Cidade de Tete,PRM
linhafala.caso.referenceentity_438,3 Esquadra da PRM - Cidade de Tete,PRM
linhafala.caso.referenceentity_439,2 Esquadra da PRM - da Cidade de Tete,PRM
linhafala.caso.referenceentity_440,1 Esquadra da PRM da Cidade de Tete,PRM
linhafala.caso.referenceentity_441,Secção de Atendimento a Famila e Menores de Nhamatanda,PRM
linhafala.caso.referenceentity_442,Secção de Atendimento a Familia e Menores de Muanza,PRM
linhafala.caso.referenceentity_443,Secção de Atendimento a Familia e Menores de Marromeu,PRM
linhafala.caso.referenceentity_444,Secção de Atendimento a Familia e Menor de Maringue,PRM
linhafala.caso.referenceentity_445,Secção de Atendimento de do Distrito de Machanga,PRM
linhafala.caso.referenceentity_446,Secção de Atendimento a Familia e Menores de Gonrogosa,PRM
linhafala.caso.referenceentity_447,Secção de Atendimento a Familia e Menores do Distrito de Dondo,PRM
linhafala.caso.referenceentity_448,Secção de Atendimento a Familia e Menores do Distrito de Cheringoma,PRM
linhafala.caso.referenceentity_449,Secção de Atendimento a Familia e Menores do Distrito de Chemba,PRM
linhafala.caso.referenceentity_450,Secção de atendimento a Familia e Menores do Distrito de e Caia,PRM
linhafala.caso.referenceentity_451,12 Esquadra da PRM - Cidade da Beira,PRM
linhafala.caso.referenceentity_452,11Esquadra PRM - Cidade da Beira,PRM
linhafala.caso.referenceentity_453,10 Esquadra da PRM - Cidade da Beira,PRM
linhafala.caso.referenceentity_454,9 Esquadra PRM - Cidade da Beira,PRM
linhafala.caso.referenceentity_455,7 Esquadra da PRM - Cidade da Beira,PRM
linhafala.caso.referenceentity_456,6 Esquadra da PRM - Cidade da Beira,PRM
linhafala.caso.referenceentity_457,5 Esquadra da PRM - Cidade de Beira,PRM
linhafala.caso.referenceentity_458,4 Esquadra da PRM - Cidade de Beira,PRM
linhafala.caso.referenceentity_459,3 Esqudra da PRM - Beira,PRM
linhafala.caso.referenceentity_460,1 Esqudra da PRM - Beira,PRM
linhafala.caso.referenceentity_461,Secção de Atendimento a Familia e Menores Moamba,PRM
linhafala.caso.referenceentity_462,Secção de Atendimento a Familia e Menores de Moamba,PRM
linhafala.caso.referenceentity_463,Secção de Atendimento a Familia e Menores de Matutuine,PRM
linhafala.caso.referenceentity_464,Secção de Atendimento a Familia e Menores de Matola,PRM
linhafala.caso.referenceentity_465,Secção de Atendimento a Familia e Menores de Manhica,PRM
linhafala.caso.referenceentity_466,Secção de Atendimento a Familia - Manhica,PRM
linhafala.caso.referenceentity_467,Secção de Atendimento a Familia e Menores de Magude,PRM
linhafala.caso.referenceentity_468,Secção de Antedimento a Familia e Menores de Boane,PRM
linhafala.caso.referenceentity_469,9 Esquadra da PRM - Provincia de Maputo,PRM
linhafala.caso.referenceentity_470,8 Esqudra da PRM - Provincia de Maputo,PRM
linhafala.caso.referenceentity_471,7 Esquadra da PRM - Provincia de Maputo,PRM
linhafala.caso.referenceentity_472,6 Esquadra da PRM - Provincia de Maputo,PRM
linhafala.caso.referenceentity_473,5 Esquadra da PRM - Provincia de Maputo,PRM
linhafala.caso.referenceentity_474,5 Esquadra da PRM - Provincia de Maputo,PRM
linhafala.caso.referenceentity_475,4 Esquadra da PRM - Provincia de Maputo,PRM
linhafala.caso.referenceentity_476,3 Esquadra da PRM - Provincia de Maputo,PRM
linhafala.caso.referenceentity_477,2 Esquadra da PRM - Provincia de Maputo,PRM
linhafala.caso.referenceentity_478,1 Esquadra de PRM - Provincia de Maputo,PRM
linhafala.caso.referenceentity_479,Secção de Atendimento a Familia de Vanduzi,PRM
linhafala.caso.referenceentity_480,Secção de Atendimento a Familia e Menores de Manica,PRM
linhafala.caso.referenceentity_481,Gabinte de Atendimento a Familia e Menor de Macossa,PRM
linhafala.caso.referenceentity_482,Gabinete de Atendimento a Familia e Menor de Machaze,PRM
linhafala.caso.referenceentity_483,Secção de Atendimento de Guro,PRM
linhafala.caso.referenceentity_484,Secção de Atendimento a Familia e Menores de Gondola,PRM
linhafala.caso.referenceentity_485,4 Esquadra de Chimoio - Bairro 4,PRM
linhafala.caso.referenceentity_486,3 Esquadra cidade de Chimio Bairro Bloco - 9,PRM
linhafala.caso.referenceentity_487,2 Esquadra de Chimoio Bairro Soalpo,PRM
linhafala.caso.referenceentity_488,12 Esquadra PRM - Mavalane - Cidade de Maputo,PRM
linhafala.caso.referenceentity_489,Secção de Atendimento a Familia e Menores de Metuge,PRM
linhafala.caso.referenceentity_490,Secção de Atendimento a Familia e Menor de Ibo,PRM
linhafala.caso.referenceentity_491,Secção de Atendimento a Familia e Menor de Ancuabe,PRM
linhafala.caso.referenceentity_492,Gabinete de Atendimento a Familia e Menores de Pemba,PRM
linhafala.caso.referenceentity_63,SERNIC - Maxixe,PRM

linhafala.caso.referenceentity_67,Gabinete de Atendimento a Familia e Menores do Distrito de Massinga,PRM

linhafala.caso.referenceentity_68,SERNIC - Massinga,PRM

linhafala.caso.referenceentity_79,Gabinete de Atendimento a Familia e Menores de Homoine,PRM

linhafala.caso.referenceentity_91,Gabinete de Atendimento a Familia e Menores de Govuro,PRM

linhafala.caso.referenceentity_97,Gabinete de Atendimento a Familia e Menores do Distrito de Inhassoro,PRM

linhafala.caso.referenceentity_98,SERNIC - Inhassoro,PRM

linhafala.caso.referenceentity_105,SERNIC - Vilankulo,PRM

linhafala.caso.referenceentity_106,Gabinete de Atendimento a Familia e Menores do Distrito de Vilankulo,PRM

linhafala.caso.referenceentity_110,SERNIC - Inhambane,PRM

linhafala.caso.referenceentity_113,CAI (Centro de Atendimento Integrado) da Beira,PRM

linhafala.caso.referenceentity_114,SERNIC - Sofala,PRM

linhafala.caso.referenceentity_120,Gabimete de Atendimento a Familia do Distrito de Vanduzi,PRM

linhafala.caso.referenceentity_123,Gab Atend Mulher e Crianca Vítimas de Violência-Mossurize,PRM

linhafala.caso.referenceentity_128,Posto Policial de Messica,PRM

linhafala.caso.referenceentity_129,Caritas de Moçambique - Messica,PRM

linhafala.caso.referenceentity_132,Gabinete de Atendimento a Familia e Menores do Distrito de Macossa,PRM

linhafala.caso.referenceentity_141,SERNIC Distrito de Guro,PRM

linhafala.caso.referenceentity_142,Gabinete de Atendimento a Familia e Menores - Distrito de Guro,PRM

linhafala.caso.referenceentity_150,Gabinete de Atendiento a Familia e Menores de Gondola,PRM

linhafala.caso.referenceentity_155,Gabinete de Atendimento a Familia e Menores do Distrito de Manica,PRM

linhafala.caso.referenceentity_161,SERNIC - Chimoio,PRM

linhafala.caso.referenceentity_166,Comando Provincial de PRM - Manica,PRM

linhafala.caso.referenceentity_167,Gabinete de Atendimento a Familia e Menores de Chimoio,PRM

linhafala.caso.referenceentity_171,SERNIC - Gile,PRM

linhafala.caso.referenceentity_174,Comando Distrital de Gle,PRM

linhafala.caso.referenceentity_175,Gabinete de Atendimento a Familia e Menores do Distrito de Gile,PRM

linhafala.caso.referenceentity_182,Gabinete de Atendimento a Familia e Menores de ILE,PRM

linhafala.caso.referenceentity_195,Gabinete de Atendimento a Familia Crianca Mocuba,PRM

linhafala.caso.referenceentity_196,SERNIC Mocuba - Grupo de Referencia Distrital,PRM

linhafala.caso.referenceentity_204,SERNIC - Milange - Grupo de Referencia Distrital,PRM

linhafala.caso.referenceentity_205,Gabinete de Atendimento a Mulher e criança vítima de violência doméstica de Milange,PRM

linhafala.caso.referenceentity_214,SERNIC Zambezia - Grupo de Referencia Provincial,PRM

linhafala.caso.referenceentity_216,Departamento de Atendimento a Mulher Criança Vitima de Violência Doméstica - do Distrito de Namarroi,PRM

linhafala.caso.referenceentity_220,Gabinete de Atendimento a Mulher e Crianca Vitima de Violencia - Tete,PRM

linhafala.caso.referenceentity_221,SERNIC - Tete - Grupo de Referencia Provincial,PRM

linhafala.caso.referenceentity_224,SERNIC - Nampula - Grupo Provincial de Referencia,PRM

linhafala.caso.referenceentity_227,Comando Distrital de Ngauma,PRM

linhafala.caso.referenceentity_231,Esquadra da PRM Distrito de Mecanhelas,PRM

linhafala.caso.referenceentity_232,Comando Distrital de Mecanhelas,PRM
linhafala.caso.referenceentity_237,Comando Distrital da PRM Cuamba,PRM

linhafala.caso.referenceentity_240,SERNIC - Lichinga,PRM

linhafala.caso.referenceentity_241,Comando da PRM Niassa,PRM

linhafala.caso.referenceentity_246,Comando do Distrito de Chiúre - Grupo de Referencia Distrital,PRM

linhafala.caso.referenceentity_281,Chefe do Departamento da Familia e Menores - PRM,PRM

linhafala.caso.referenceentity_282,Chefe do Departamento Maputo Provincia,PRM

linhafala.caso.referenceentity_325,Posto Policial de Napipine,PRM

linhafala.caso.referenceentity_327,3 Esquadra -bairro 25 de Junho- Cidade de Chimoio,PRM

linhafala.caso.referenceentity_331,11,PRM

linhafala.caso.referenceentity_338,Posto Policial de Machaze,PRM

linhafala.caso.referenceentity_343,Oficial da PRM - Localidade de Bandula - Povoado de Chicamba,PRM

linhafala.caso.referenceentity_346,Oficial da PRM - Distrito de Moamba,PRM

linhafala.caso.referenceentity_348,SERNIC - Distrito de Boane,PRM

linhafala.caso.referenceentity_359,Gabinete de Atendimento a Familia e Menores do Distrito de Mussorize,PRM

linhafala.caso.referenceentity_360,Gabinete de atendimento a Familia e Menores do Distrito de Tambara,PRM

linhafala.caso.referenceentity_89,Enfermeira de Saúde Materno Infantil do Distrito de Govuro,Saúde

linhafala.caso.referenceentity_117,Tecnico de Psiquiatria de Vanduzi,Saúde

linhafala.caso.referenceentity_169,Direccao Provincial de Saude - Manica,Saúde

linhafala.caso.referenceentity_180,Tecnica de enfermagem no Distrito de Ile,Saúde

linhafala.caso.referenceentity_183,Hospital Rural de Ile,Saúde

linhafala.caso.referenceentity_189,Hospital Rural de Mocuba - Grupo de Refencia Distrital,Saúde

linhafala.caso.referenceentity_310,Centro de Saude de Lioma,Saúde

linhafala.caso.referenceentity_336,Hospital Central de Maputo,Saúde

linhafala.caso.referenceentity_64,Procuradoria Distrital - Maxixe,Justiça

linhafala.caso.referenceentity_66,IPAJ - Massinga,Justiça

linhafala.caso.referenceentity_69,Procuradoria Distrital de Massinga,Justiça

linhafala.caso.referenceentity_72,Procuradoria da Republica da Cidade de Inhambane,Justiça

linhafala.caso.referenceentity_74,Conservatoria de Registo Civil e Notariado de Funhaloro,Justiça

linhafala.caso.referenceentity_75,Procuradoria Distrital de Funhalouro,Justiça

linhafala.caso.referenceentity_76,IPAJ - Homoine,Justiça

linhafala.caso.referenceentity_78,Conservatória do Registo Civil de Homoine,Justiça

linhafala.caso.referenceentity_82,Procuradoria Distrital de Homoíne,Justiça

linhafala.caso.referenceentity_84,Procuradoria Distrital de Morrumbene,Justiça

linhafala.caso.referenceentity_86,Procuradoria Distrital de Zavala,Justiça

linhafala.caso.referenceentity_88,Procuradoria Distrital de Jangamo,Justiça
linhafala.caso.referenceentity_375,IPAJ - Distrito de Nhamatanda,Justiça
linhafala.caso.referenceentity_376,PAJ - Distrito de Muanza,Justiça
linhafala.caso.referenceentity_377,IPAJ - Distrito de Marromeu,Justiça
linhafala.caso.referenceentity_378,IPAJ - Distrito de Maringue,Justiça
linhafala.caso.referenceentity_379,IPAJ - Distrito de Machanga,Justiça
linhafala.caso.referenceentity_380,IPAJ - Gorogonsa,Justiça
linhafala.caso.referenceentity_381,IAPJ - Distrito de Dondo,Justiça
linhafala.caso.referenceentity_384,IPAJ - Cidade da Beira,Justiça
linhafala.caso.referenceentity_385,IPAJ - Chibabava,Justiça
linhafala.caso.referenceentity_386,IPAJ - Distrito de Cheringoma,Justiça
linhafala.caso.referenceentity_387,IPAJ - Distrito de Chemba,Justiça
linhafala.caso.referenceentity_388,IPAJ - Distrito de Caia,Justiça
linhafala.caso.referenceentity_390,IPAJ - Buzi,Justiça
linhafala.caso.referenceentity_361,PGR- Distrito de Sussundenga,Justiça
linhafala.caso.referenceentity_362,PGR- Distrito de Machaze,Justiça
linhafala.caso.referenceentity_363,PGR- Distrito de Mussorize,Justiça
linhafala.caso.referenceentity_364,PGR - Distrito de Gondola,Justiça
linhafala.caso.referenceentity_365,PGR- Distrito de Tambara,Justiça
linhafala.caso.referenceentity_366,PGR- Distrito de Barue,Justiça
linhafala.caso.referenceentity_367,PGR- Distrito de Manica,Justiça
linhafala.caso.referenceentity_368,IPAJ - Distrito de Sussundenga,Justiça
linhafala.caso.referenceentity_369,IPAJ- Distrito de Machaze,Justiça
linhafala.caso.referenceentity_370,IPAJ- Distrito de Mussorize,Justiça
linhafala.caso.referenceentity_371,IPAJ - Distrito - Gondola,Justiça
linhafala.caso.referenceentity_372,IPAJ- Distrito de Barue,Justiça
linhafala.caso.referenceentity_373,IAPJ - Distrito de Manica,Justiça
linhafala.caso.referenceentity_332,PGR Cidade de Tete,Justiça
linhafala.caso.referenceentity_333,PGR Cidade de Tete,Justiça
linhafala.caso.referenceentity_334,PGR Marracuene,Justiça
linhafala.caso.referenceentity_335,PGR Distrito de Marracuene,Justiça
linhafala.caso.referenceentity_244,Registos e Notariado de Chiúre - Grupo de Referencia Distrital,Justiça
linhafala.caso.referenceentity_245,IPAJ - Grupo de Referencia do Distrito de Chiúre,Justiça
linhafala.caso.referenceentity_247,Procuradora do Distrito de Chiúre e Coordenadora do Grupo de Referencia Distrital,Justiça
linhafala.caso.referenceentity_248,Procurador do Distrito de Montepuez e Coordenador Distrital do Grupo de Referencia,Justiça
linhafala.caso.referenceentity_249,Procurador do Distrito de Macomia e Coordenador Distrital do Grupo de Referencia,Justiça
linhafala.caso.referenceentity_250,Procuradora do Distrito de Mueda e Coordenadora do Grupo de Referencia Distrital,Justiça
linhafala.caso.referenceentity_251,Procurador Distrital e Coordenador do Grupo de Referencia do Distrito de Palma,Justiça
linhafala.caso.referenceentity_252,Procurador Distrital e Coordenador do Grupo de Refencia do Distrito de Nangade,Justiça
linhafala.caso.referenceentity_253,Procurador Distrital de Mocimboa da Praia,Justiça
linhafala.caso.referenceentity_238,Procurador Distrital de Cuamba,Justiça
linhafala.caso.referenceentity_239,Procuradoria Distrital de Cuamba,Justiça
linhafala.caso.referenceentity_242,Procuradoria da Cidade de Lichinga,Justiça
linhafala.caso.referenceentity_309,PGR - Distrito de Guija,Justiça
linhafala.caso.referenceentity_311,PGR -Procuradora e Coordenadora do Gr. De Ref. Prov,Justiça
linhafala.caso.referenceentity_312,PGR -Procuradora e Coordenadora do Gr. De Ref. Prov,Justiça
linhafala.caso.referenceentity_313,PGR -Procurador e Coordenador do Gr. De Ref. Prov,Justiça
linhafala.caso.referenceentity_314,PGR -Procurador e Coordenador do Gr. De Ref. Prov,Justiça
linhafala.caso.referenceentity_315,PGR -Procurador e Coordenador do Gr. De Ref. Prov,Justiça
linhafala.caso.referenceentity_316,PGR -Procurador e Coordenador do Gr. De Ref. Prov,Justiça
linhafala.caso.referenceentity_317,PGR -Procuradora e Coordenadora do Gr. De Ref. Prov,Justiça
linhafala.caso.referenceentity_319,PGR - Procurador e Coordemador do Gr. de Ref Prov,Justiça
linhafala.caso.referenceentity_320,PGR - Procuradora e Coordenadora Gr. de Ref. Prov,Justiça
linhafala.caso.referenceentity_321,procuradoria Distrital de Milange,Justiça
linhafala.caso.referenceentity_322,Procuradoria Distrital de Milange,Justiça
linhafala.caso.referenceentity_292,IPAJ - Pemba,Justiça

linhafala.caso.referenceentity_328,Procuradoria Distrital de Marracuene,Justiça

linhafala.caso.referenceentity_349,PGR - Distrito de Boane,Justiça
linhafala.caso.referenceentity_92,Procurador Distrital de Govuro,Justiça

linhafala.caso.referenceentity_94,Director Distrital dos Serviços de Registo e Notariado,Justiça

linhafala.caso.referenceentity_95,Procuradoria Distrital de Mabote,Justiça

linhafala.caso.referenceentity_99,Procuradoria Distrital de Inhassoro,Justiça

linhafala.caso.referenceentity_100,Conservatória dos Registos Civil e Notariado de Panda,Justiça

linhafala.caso.referenceentity_102,Procuradoria Distrital de Panda,Justiça

linhafala.caso.referenceentity_103,IPAJ - Vilankulo,Justiça

linhafala.caso.referenceentity_107,Procuradoria Distrital de Vilankulo,Justiça

linhafala.caso.referenceentity_108,IPAJ - Inhambane,Justiça

linhafala.caso.referenceentity_111,Procuradoria Provincial de Inhambane,Justiça

linhafala.caso.referenceentity_116,Procuradoria Provincial de Sofala,Justiça

linhafala.caso.referenceentity_118,Registo e Notariado (Conservatoria )de Vanduzi,Justiça

linhafala.caso.referenceentity_119,Procuradoria Distrital de Vanduzi,Justiça

linhafala.caso.referenceentity_122,Procuradoria Distrital de Mossurize,Justiça

linhafala.caso.referenceentity_143,Procuradoria Distrital de Guro,Justiça

linhafala.caso.referenceentity_148,Concervatiria Distrital de Gondola,Justiça

linhafala.caso.referenceentity_149,IPAJ Gondola,Justiça
linhafala.caso.referenceentity_153,Procuradoria Distrital de Gondola,Justiça
linhafala.caso.referenceentity_154,Conservatoria do Distrito de Manica,Justiça
linhafala.caso.referenceentity_157,Procuradoria Geral da Republica do Distrito de Manica,Justiça

linhafala.caso.referenceentity_158,IPAJ - Distrito de Manica,Justiça

linhafala.caso.referenceentity_162,Procuradora da Cidade de Chimoio,Justiça

linhafala.caso.referenceentity_165,IPAJ - Chimoio,Justiça

linhafala.caso.referenceentity_173,IPAJ - Gile,Justiça

linhafala.caso.referenceentity_177,Procuradoria Distrital de Gilé,Justiça

linhafala.caso.referenceentity_178,Procuradoria Distrital da Republica - GURUÉ,Justiça

linhafala.caso.referenceentity_184,Procuradora Distrital de Ile - Coordenadora Distrital do Grupo de Referencia,Justiça

linhafala.caso.referenceentity_185,Registo e Notariado de Lugela,Justiça

linhafala.caso.referenceentity_187,Procuradora Distrital de Lugela,Justiça
linhafala.caso.referenceentity_188,Procuradoria Distrital de Morrumbala,Justiça
linhafala.caso.referenceentity_191,IPAJ - Mocuba- Grupo de Referencia Distrital,Justiça
linhafala.caso.referenceentity_197,Procuradora Distrital de Mocuba - Grupo de Referencia Distrital,Justiça
linhafala.caso.referenceentity_198,IPAJ do Distrito de Alto Molocue - Grupo de Referencia Distrital,Justiça
linhafala.caso.referenceentity_199,Registos e Notariado de Alto Molocue,Justiça
linhafala.caso.referenceentity_201,Procurador Distrital de Alto Molocoue - Grupo de Referencia Distrital,Justiça

linhafala.caso.referenceentity_203,IPAJ Distrito de Milange - Grupo de Referencia Distrital,Justiça

linhafala.caso.referenceentity_207,Procuradoria Distrital de Milange - Grupo de Referencia Distrital,Justiça

linhafala.caso.referenceentity_208,IPAJ Distrito de Namarroi - Grupo de Refefencia Distrital,Justiça

linhafala.caso.referenceentity_209,Procuradoria Distrital de Namarroi - Grupo de Referencia Distrital,Justiça

linhafala.caso.referenceentity_210,Servicos e Notariado do Distrito de Namaroi,Justiça

linhafala.caso.referenceentity_213,IPAJ Zambezia - Grupo de Referencia Provincial,Justiça

linhafala.caso.referenceentity_217,Procuradoria Provincial de Zambezia - Grupo de Referencia Provincial,Justiça

linhafala.caso.referenceentity_218,IPAJ Tete,Justiça

linhafala.caso.referenceentity_223,Procuradoria Provincial de Tete- Grupo de Referencia Provincial,Justiça

linhafala.caso.referenceentity_226,Procuradoria Provincial de Nampula - Grupo de Referencia Provincial,Justiça

linhafala.caso.referenceentity_228,IPAJ Distrito de Ngauma - Grupo de Referencia Distrital,Justiça

linhafala.caso.referenceentity_230,Procurador/a Distrital de Ngauma - Grupo de Referencia,Justiça

linhafala.caso.referenceentity_235,Procuradoria Distrital de Mecanhelas,Justiça

linhafala.caso.referenceentity_58,Serviço Distrital de Educação -Juventude e Tecnologia- Maxixe,Educação

linhafala.caso.referenceentity_104,Servicos Distritais de Educação Juventude e Tecnologia de Vilankulo,Educação

linhafala.caso.referenceentity_109,Direccao Provincial de Educação e Desenvolvimento Humano,Educação

linhafala.caso.referenceentity_112,Direccao Provincial de Educação e Desenvolvimento Humano,Educação

linhafala.caso.referenceentity_125,Servicos Distritais de Educação Juventude e Tecnologia de Mossurize,Educação

linhafala.caso.referenceentity_126,Servicos Distritais de Educação Juventude e Tecnologia de Mossurize,Educação

linhafala.caso.referenceentity_137,Save the Children- Guro,Educação

linhafala.caso.referenceentity_139,Servicos Distritais de Educação Juventude e Tecnologia de Guro,Educação

linhafala.caso.referenceentity_151,Servicos Distritais de Educação Juventude e Tecnologia,Educação

linhafala.caso.referenceentity_160,Servicos Distritais de Educação Juventude e TEcnologia do Distrito de Manica,Educação

linhafala.caso.referenceentity_164,Servicos Distritais de Educação Juventude e Tecnologia - Chimoio,Educação

linhafala.caso.referenceentity_172,Servicos Distritais de Educação Tecnologia e Desenvolvimento Humano de Gile,Educação

linhafala.caso.referenceentity_179,Servicos Distritais de Educação de ILE,Educação

linhafala.caso.referenceentity_194,Servicos Distritais de Educação Mocuba - Grupo de Referencia Distrital,Educação

linhafala.caso.referenceentity_206,Serviço Distrital de Educação Juventude e Tecnologia de Milange,Educação

linhafala.caso.referenceentity_215,Diraccao Provincial de Educação da Zambezia,Educação

linhafala.caso.referenceentity_219,Direccao Provincial de Educaco de Tete,Educação

linhafala.caso.referenceentity_225,Direccao Provincial de Educação de Nampula,Educação

linhafala.caso.referenceentity_243,Serviços Distritais de Educação Juventude e Tecnologia de Chiúre,Educação
linhafala.caso.referenceentity_270,Coordenadora Assuntos Transversais Educação - Cabo Delgado,Educação
linhafala.caso.referenceentity_271,Coordenadora Assuntos Transversais Educação - Tete,Educação
linhafala.caso.referenceentity_272,Coordenadora Assuntos Transversais Educação Maputo Cid.,Educação
linhafala.caso.referenceentity_273,Coordenadora Assuntos Transversais Educação Maputo Prov.,Educação
linhafala.caso.referenceentity_274,Coordenadora Assuntos Transversais Educação - Nampula,Educação
linhafala.caso.referenceentity_275,Coordenadora Assuntos Transversais de Educação Manica,Educação
linhafala.caso.referenceentity_276,Coordenadora Assuntos Transversais Educação - Niassa,Educação
linhafala.caso.referenceentity_277,Coordenadora Assuntos Transversais Educação - Inhambene,Educação
linhafala.caso.referenceentity_278,Coordenadora Assuntos Transversais de Educação Zambezia,Educação
linhafala.caso.referenceentity_279,Coordenadora Assuntos Transversais - Educação Sofala,Educação
linhafala.caso.referenceentity_280,Coordenadora - Assuntos transversais de Educação - Gaza,Educação

linhafala.caso.referenceentity_59,Serviço Distrital da Mulher e Accão Social - Maxixe,Acção Social
linhafala.caso.referenceentity_60,Instituto Nacional de Accão Social - Maxixe,Acção Social
linhafala.caso.referenceentity_61,Instituto Nacional de Accão Social - Maxixe,Acção Social
linhafala.caso.referenceentity_62,CAI - Maxixe,Acção Social
linhafala.caso.referenceentity_65,Servicos Distritais de Saude Mulher e Accao Social de Massinga,Acção Social
linhafala.caso.referenceentity_70,Servicos Distritais de Saude Mulher e Accao Social da cidade de Inhambabe,Acção Social
linhafala.caso.referenceentity_71,Servicos Distritais de Educação e Desenvolvimento Humano da Cidade de Inhambene,Acção Social
linhafala.caso.referenceentity_73,Serviços Distritais de Saúde Mulher e Accao Social de Funhaloro,Acção Social
linhafala.caso.referenceentity_77,Servicos Distritaos de Saude Mulher e Accao Social de Homoine,Acção Social
linhafala.caso.referenceentity_80,Servicos Distritais de Saude Mulher e Accao Social de Homoine,Acção Social
linhafala.caso.referenceentity_81,Serviços Distrital de Educação Juventude e Tecnologia de Homoine,Acção Social
linhafala.caso.referenceentity_83,Serviço Distrital de Saude Mulher e Accão Social,Acção Social
linhafala.caso.referenceentity_85,Servicos Distritais de Saude Mulher e Accao Social de Zavala,Acção Social
linhafala.caso.referenceentity_87,Serviços Distrital de Saúde Mulher e Accão Social de Jangamo,Acção Social
linhafala.caso.referenceentity_90,Servicos Distritais de Saude Mulher e Accao Social de Govuro,Acção Social
linhafala.caso.referenceentity_93,Servicos Distritais de Saude Mulher e Accao Social de Mabote,Acção Social
linhafala.caso.referenceentity_96,Servicos Distritais de Saude Mulher e Accao Social de Inhassoro,Acção Social
linhafala.caso.referenceentity_101,Servicos Distritais de Saude Mulher e Accao Social de Panda,Acção Social
linhafala.caso.referenceentity_115,Direccao Provincial de Genero Crianca e Accao Social de Sofala,Acção Social
linhafala.caso.referenceentity_121,Associação KUZPIRA,Acção Social
linhafala.caso.referenceentity_124,Servicos Distritais de Saude Mulher e Accao Social de Mossurize,Acção Social
linhafala.caso.referenceentity_130,Associaçao Chenguetai ne Chembere Wana - Messica,Acção Social

linhafala.caso.referenceentity_133,Servico Distrital de Saude Mulher e Accao Social de Macossa,Acção Social

linhafala.caso.referenceentity_134,Servico Distrital de Educação Juventude e Tecnologia de Macossa,Acção Social

linhafala.caso.referenceentity_138,Accao Social Guro,Acção Social

linhafala.caso.referenceentity_140,Servicos Distritais de Saude Mulher e Accao Social de Guro,Acção Social

linhafala.caso.referenceentity_146,Associação Rubatana Gondola,Acção Social

linhafala.caso.referenceentity_147,Associação Rubatana - Distrito de Gondola,Acção Social

linhafala.caso.referenceentity_152,Servicos Distritais de Saude Mulher e Accao Social de Gondola,Acção Social

linhafala.caso.referenceentity_159,Serviço Distrital de Saude Mulher e Accao Social do Distrito de Manica,Acção Social

linhafala.caso.referenceentity_163,Servicos Distritais de Saude Mulher e Accao Social de Chimoio,Acção Social

linhafala.caso.referenceentity_168,Direccao Provincial de Genero Crianca e Accao Social de Manica,Acção Social

linhafala.caso.referenceentity_176,Servicos Distritais de Saude Mulher e Accao Social de Gile,Acção Social

linhafala.caso.referenceentity_181,Accao Social Ile,Acção Social

linhafala.caso.referenceentity_186,Servicos de Saude Mulher e Accao Social de Lugela,Acção Social

linhafala.caso.referenceentity_190,Orfanato Menino Jesus - Mocuba,Acção Social

linhafala.caso.referenceentity_192,Servicos Distritais de Saude Mulher e Accao Social - Mocuba,Acção Social

linhafala.caso.referenceentity_193,Accao Social Mocuba,Acção Social

linhafala.caso.referenceentity_200,Servicos Distritais de Saude Mulher e Accao Social de Alto Molocue,Acção Social

linhafala.caso.referenceentity_202,Servicos Distritais da Saude Mulher e Accao Social de Milange,Acção Social

linhafala.caso.referenceentity_211,Serviços Distrital de Saúde Mulher e Accão Social -SDSMAS do Distrito de Namarroi,Acção Social

linhafala.caso.referenceentity_212,Direcção Provincial do Género Criança e Accão Social,Acção Social

linhafala.caso.referenceentity_222,Direccao Provincial do Genero Crianca e Accao Social de Tete,Acção Social

linhafala.caso.referenceentity_289,Servicos de Saude Mulher e Accao Social - Pemba,Acção Social
linhafala.caso.referenceentity_295,Accao Social - Marromeu,Acção Social
linhafala.caso.referenceentity_296,Accao Social - Caia,Acção Social
linhafala.caso.referenceentity_297,Accao Social - Chemba,Acção Social
linhafala.caso.referenceentity_298,Accao Social - Maringue,Acção Social
linhafala.caso.referenceentity_299,Accao Social - Gorongosa,Acção Social
linhafala.caso.referenceentity_300,Accao Social Chiringoma,Acção Social
linhafala.caso.referenceentity_301,Accao Social Muanza,Acção Social
linhafala.caso.referenceentity_302,Accao Social Machanga,Acção Social
linhafala.caso.referenceentity_303,Accao Social Chibabava,Acção Social
linhafala.caso.referenceentity_304,Accao Social Buzi,Acção Social
linhafala.caso.referenceentity_305,Accao Social Nhamatanda,Acção Social
linhafala.caso.referenceentity_306,Accao Social Dondo,Acção Social
linhafala.caso.referenceentity_307,Accao Social Beira,Acção Social
linhafala.caso.referenceentity_323,Accao Social Pemba,Acção Social

linhafala.caso.referenceentity_337,ACCAO SOCIAL - LOCALIDADE DE CHISSANO DISTRITO BILENE MACIA,Acção Social

linhafala.caso.referenceentity_374,Accao Social do Distrito de Nhamtanda,Acção Social

linhafala.caso.referenceentity_382,Accao Social Distrito de Dondo,Acção Social

linhafala.caso.referenceentity_383,Accao Social Cidade da Beira,Acção Social

linhafala.caso.referenceentity_389,Accao Social - Buzi,Acção Social
linhafala.caso.referenceentity_493,Chefe de Departamento da Criança da Direccao Provincial do Genero Crianca e Accao Social da Provincia de Cabo Delgado,Acção Social
linhafala.caso.referenceentity_494,Chefe de Departamento da Crianca da Direccao Provincial do Genero Crianca e Accao Social da Provincia de Niassa,Acção Social
linhafala.caso.referenceentity_495,Chefe de Departamento da Crianca da Direccao Provincial do Genero Crianca e Accao Social da Provincia de Nampula,Acção Social
linhafala.caso.referenceentity_496,Chefe de Departamento da Crianca da Direccao Provincial do Genero Crianca e Accao Social da Provincia de Zambezia,Acção Social
linhafala.caso.referenceentity_497,Chefe de Departamento da Crianca da Direccao Provincial do Genero Crianca e Accao Social da Provincia de Tete,Acção Social
linhafala.caso.referenceentity_498,Chefe de Departamento da Crianca da Direccao Provincial do Genero Crianca e Accao Social da Provincia de Manica,Acção Social
linhafala.caso.referenceentity_499,Chefe de Departamento da Crianca da Direccao Provincial do Genero Crianca e Accao Social da Provincia de Sofala,Acção Social
linhafala.caso.referenceentity_500,Direccao Provincial do Genero Crianca e Accao Social da Provincia de Inhambane,Acção Social
linhafala.caso.referenceentity_501,Chefe de Departamento da Crianca da Direccao Provincial do Genero Crianca e Accao Social da Provincia de Gaza,Acção Social
linhafala.caso.referenceentity_502,Chefe de Departamento da Crianca da Direccao Provincial do Genero Crianca e Accao Social da Provincia de Maputo,Acção Social




linhafala.caso.referenceentity_127,Posto Administrativo de Machipanda,Outros
linhafala.caso.referenceentity_131,Lider Comunitario do Distrito de Messica- Macossa,Líder Comunitário
linhafala.caso.referenceentity_135,Lider Relegioso - Guro,Líder Comunitário
linhafala.caso.referenceentity_136,Lider Comunitario de Guro,Líder Comunitário
linhafala.caso.referenceentity_144,Lider Comunitario - Gondola,Líder Comunitário
linhafala.caso.referenceentity_145,Lider Comunitario - Gondola,Líder Comunitário

linhafala.caso.referenceentity_156,Lider Comunitario do Distrito de Manica,Líder Comunitário
linhafala.caso.referenceentity_170,Save the Children Manica,Educação


linhafala.caso.referenceentity_229,Lider Comunitario de Ngauma,Líder Comunitário,Líder Comunitário
linhafala.caso.referenceentity_233,Sociedade Civil,Organização da Sociedade Civil
linhafala.caso.referenceentity_234,Lider Comunitario de Mecanhelas,Líder Comunitário,Líder Comunitário
linhafala.caso.referenceentity_236,Lider Comunitario de Cumaba,Líder Comunitário,Líder Comunitário


linhafala.caso.referenceentity_254,Muleide Pemba,ICDP - Organização da Sociedade Civil,Organização da Sociedade Civil
linhafala.caso.referenceentity_255,Ministério Arco Íris Pemba,Organização da Sociedade Civil
linhafala.caso.referenceentity_256,Coordenador/a do Grupo de Referencia Provincial,Organização da Sociedade Civil
linhafala.caso.referenceentity_257,Grupo de Referencia Provincial Cabo Delgado,Organização da Sociedade Civil
linhafala.caso.referenceentity_258,Ponto Focal Distrital Pebane,ICDP - Organização da Sociedade Civil
linhafala.caso.referenceentity_259,Ponto Focal Distrital Milange,ICDP - Organização da Sociedade Civil
linhafala.caso.referenceentity_260,Ponto Focal Distrital Gurue,ICDP - Organização da Sociedade Civil
linhafala.caso.referenceentity_261,Ponto Focal Distrital - Maganja da Costa,ICDP - Organização da Sociedade Civil
linhafala.caso.referenceentity_262,Ponto Focal Distrital - Angoche,ICDP - Organização da Sociedade Civil
linhafala.caso.referenceentity_263,Ponto Focal Distrital - Monapo,ICDP - Organização da Sociedade Civil
linhafala.caso.referenceentity_264,Ponto Focal Distrital - Lalaua,ICDP - Organização da Sociedade Civil
linhafala.caso.referenceentity_265,Ponto Focal Distrital Rapal,ICDP - Organização da Sociedade Civil
linhafala.caso.referenceentity_266,Ponto Focal Distrital - Mongicual,ICDP - Organização da Sociedade Civil
linhafala.caso.referenceentity_267,Ponto Focal - Provincial - Nampula,ICDP - Organização da Sociedade Civil
linhafala.caso.referenceentity_268,Ponto Focal - Unicef Ministerio de Educação,ICDP - Organização da Sociedade Civil
linhafala.caso.referenceentity_269,Chefe do Departamento do Genero dos SPAS Matola,PRM

linhafala.caso.referenceentity_283,Universidade Catolica - Pemba (Registo de Nascimento e Assistencia Juridica),ICDP - Organização da Sociedade Civil
linhafala.caso.referenceentity_284,AMAZI (Gestao de Casos de Criancas HIV+) - Pemba,ICDP - Organização da Sociedade Civil
linhafala.caso.referenceentity_285,OASIS (Prevencao de Trafico de Pessoas),ICDP - Organização da Sociedade Civil
linhafala.caso.referenceentity_286,AIFO -Pemba (Gestao de Casos e Deficiencia),ICDP - Organização da Sociedade Civil
linhafala.caso.referenceentity_287,Agencia AVSI (Gestão e Encaminhamento de Casos) Pemba,ICDP - Organização da Sociedade Civil
linhafala.caso.referenceentity_288,Save the Children - Cabo Delgado (Gestao de Casos),ICDP - Organização da Sociedade Civil
linhafala.caso.referenceentity_290,Agencia CARE (Gestão de Casos),ICDP - Organização da Sociedade Civil
linhafala.caso.referenceentity_291,Fundacao Ariel Glaser (Profilaxia pos-exposicao),ICDP - Organização da Sociedade Civil
linhafala.caso.referenceentity_293,Muleide Pemba,ICDP - Organização da Sociedade Civil
linhafala.caso.referenceentity_294,Humanity Inclusion (Area de Dificiencia),ICDP - Organização da Sociedade Civil

linhafala.caso.referenceentity_308,Escola Secundaria de Muchafutene,Educação

linhafala.caso.referenceentity_324,Escola Primaria Completa Armando Emílio Guebuza,Educação
linhafala.caso.referenceentity_326,Escola Primaria Completa de Chiango,Educação
linhafala.caso.referenceentity_329,Conselho de Escola EP1 e 2 de Nipipine,Educação
linhafala.caso.referenceentity_330,Conselho de Escola Primaria 1 e 2 Grau de Nipepe,Educação

linhafala.caso.referenceentity_339,Lider Comunitario do Ponte de Arranque - Chimoio,Líder Comunitário
linhafala.caso.referenceentity_340,Associacao Lamussique - Bairro Ponte de Arranque Chimoio,Estruturas do Bairro
linhafala.caso.referenceentity_341,Secretario da Localidade de Muquita - Distrito de Mogovolas,Estruturas do Bairro
linhafala.caso.referenceentity_342,Lider comunitario de Massatua - Distrito de Gondola,Líder Comunitário
linhafala.caso.referenceentity_344,Lider Cominitario do Povoado de Bandula - localidade de Chicamba,Líder Comunitário
linhafala.caso.referenceentity_345,Seccao de Atendimento a Familia e Menores - Localidade de Chifundzi - Distrito de Machazi,Estruturas do Bairro
linhafala.caso.referenceentity_347,Chefe de Quarteirao - localidade de Silvestre- Distrito de Marracuene,Estruturas do Bairro
linhafala.caso.referenceentity_350,Lider da Localidade - Jangamo,Líder Comunitário
linhafala.caso.referenceentity_351,Servicos Distritais de Educação Juventude e Tecnologia de Sussundenga,Educação
linhafala.caso.referenceentity_352,Servicos Distritais de Saude Mulher e Accao Social do Distrito de Sussundenga,Educação
linhafala.caso.referenceentity_353,Servicos Distritais de Saude Mulher e Accao Social de Machaze,Educação
linhafala.caso.referenceentity_354,Servicos Distritais de Saude Mulher e Accao Social do Distrito de Mussorize,Educação
linhafala.caso.referenceentity_355,Servicos Distritais de Saude Mulher e Accao Social de Gondola,Educação
linhafala.caso.referenceentity_356,Servicos Distritais de Saude Mulher e Accao Social do Distrito de Tambarra,Educação
linhafala.caso.referenceentity_357,Servicos Distritais de Saude Mulher e Accao Social do Distrito de Manica,Educação
linhafala.caso.referenceentity_358,Servicos Distritais de Saude Mulher e Accao Social do Distrito de Barue,Educação



linhafala.caso.referenceentity_391,TDH - Beira,ICDP - Organização da Sociedade Civil
linhafala.caso.referenceentity_392,SOPROC cidade da Beira,ICDP - Organização da Sociedade Civil
linhafala.caso.referenceentity_393,Coordenador da SOPROC,ICDP - Organização da Sociedade Civil
linhafala.caso.referenceentity_394,DPGCAS,ICDP - Organização da Sociedade Civil


